date,Hospitalized Census 5%,Hospitalized Census 25%,Hospitalized Census Median,Hospitalized Census 75%,Hospitalized Census %95,ICU Census 5%,ICU Census 25%,ICU Census Median,ICU Census 75%,ICU Census %95,Vent Census 5%,Vent Census 25%,Vent Census Median,Vent Census 75%,Vent Census %95,Hospitalized Admits 5%,Hospitalized Admits 25%,Hospitalized Admits Median,Hospitalized Admits 75%,Hospitalized Admits %95,ICU Admits 5%,ICU Admits 25%,ICU Admits Median,ICU Admits 75%,ICU Admits %95,Vent Admits 5%,Vent Admits 25%,Vent Admits Median,Vent Admits 75%,Vent Admits %95
2020-03-17,0.0,0.0,0.0,1.0,2.0,0.0,0.0,0.0,0.0,1.0,0.0,0.0,0.0,0.0,1.0,0,0,0,1,2,0,0,0,0,1,0,0,0,0,1
2020-03-18,0.0,0.0,0.8941089803000001,1.6936627031,2.8559176707000002,0.0,0.0,0.0,0.8762508351,1.8299621370999999,0.0,0.0,0.0,0.8522746941,1.0,0,0,0,1,2,0,0,0,0,1,0,0,0,0,1
2020-03-19,0.0,0.8031757471000001,1.0,2.0,3.6501816459,0.0,0.0,0.0,1.0,1.9196912562699913,0.0,0.0,0.0,1.0,1.8722600121,0,0,0,1,2,0,0,0,0,1,0,0,0,0,1
2020-03-20,0.0,1.0,1.8929784657000002,2.8972612754,4.6776502202,0.0,0.0,0.8054479861,1.408275148,2.5656383337049835,0.0,0.0,0.7574715437,1.0,2.2555557884,0,0,1,1,3,0,0,0,1,2,0,0,0,1,1
2020-03-21,0.6959340984250003,1.7558799673,2.80313497685,4.0768010644,6.0744236393,0.0,0.5231337243,1.0,1.7962935896,3.0879232569549853,0.0,0.0,0.8799517716,1.6517499787,2.8545597531,0,0,1,2,3,0,0,0,1,2,0,0,0,1,2
2020-03-22,1.0,2.6130549235,3.7856075748,5.2010475687,7.2763013691000005,0.0,0.7419433772,1.4600626792,2.26337025,3.7757701178000005,0.0,0.655034753,1.1161038203,2.0,3.3655930211,0,0,1,2,3,0,0,0,1,2,0,0,0,1,2
2020-03-23,1.7688263456,3.5414766376999998,4.9413693034,6.4664225348,8.816546639469959,0.0,1.0,1.7532924473,2.7503633745,4.3091368761,0.0,0.8576780317,1.5952135970999999,2.4950628267,3.9090429833,0,1,1,2,4,0,0,0,1,2,0,0,0,1,2
2020-03-24,2.6115500537000003,4.7237388203,6.3144470569,8.0339993842,10.6736947974,0.4489059501,1.4666703471,2.3194550988,3.4061932171000002,5.1152136036,0.0,1.2949254602,2.0650319792,3.0,4.6137750619,0,1,2,3,4,0,0,1,1,2,0,0,1,1,2
2020-03-25,3.9534775253000003,6.1197562681,7.8476406337,9.7904212246,12.7090579879,0.7825323006,1.9642853707,2.9481807839,4.1487550437,5.9506476595,0.5979813489,1.6704089851,2.6214151673,3.7025428411,5.4404622022,0,1,2,3,5,0,0,1,2,3,0,0,1,1,2
2020-03-26,5.302341836,7.6246524358,9.7447945325,11.8981634544,15.1656841993,1.1390527211,2.556161545,3.718738814,4.9520167254,6.9163837671,0.9036404104,2.1915880002,3.2880935901,4.3998883995,6.2655929891,0,2,3,4,6,0,0,1,2,3,0,0,1,2,3
2020-03-27,6.7611349851,9.442938185,11.8171394957,14.1035494551,17.8279892919,1.5593498862000001,3.135620709,4.4691674082,5.9337659378000005,8.1159197433,1.2968990258,2.7327895807,3.9444571609,5.1823072281,7.4031584771,1,2,3,4,7,0,0,1,2,3,0,0,1,2,3
2020-03-28,8.605118813,11.5570785634,14.030784791,16.714958566299998,20.3514571507,2.212104294,4.0093199468,5.3457853463,6.8698179766,9.5357107782,1.8225634909,3.4663220526,4.642685325,6.061241678,8.3776665099,1,2,3,5,7,0,1,1,2,4,0,0,1,2,3
2020-03-29,10.7642456226,14.0430562435,16.4640961236,19.2399136821,23.586716462200002,2.8940948015,4.6389269811,6.3794549215,8.0033367462,11.0551013521,2.3387338715,4.15876915495,5.5417816239,6.9848894879,9.512094759,1,3,4,5,8,0,1,1,2,4,0,1,1,2,4
2020-03-30,12.9639227275,16.3672517697,19.143293619,21.9639709497,25.8677058531,3.5445419649,5.5831508011,7.1964002579,8.9456738645,11.9752597781,3.2019145605,4.8810139956,6.1822138278,7.8350019108,10.1506826283,1,3,4,6,8,0,1,2,2,4,0,1,1,2,4
2020-03-31,15.0184578695,19.0986109645,22.0414464928,24.7616969437,29.306943977799996,4.2183747787,6.4588978390000005,8.2410775209,10.1391190125,12.9409884538,3.7568831933,5.693367790749999,7.1477091413,8.8755880315,11.313666058,1,3,5,6,9,0,1,2,3,5,0,1,2,3,4
2020-04-01,17.2998346085,21.5677511737,24.623107666,27.6801158899,32.5573095212,4.9577855847,7.2998180246,9.1493847086,11.2804047869,14.9516636301,4.3642466876,6.3254361796,8.0068977835,9.6958669159,13.1402304418,2,4,5,7,9,0,1,2,3,5,0,1,2,3,4
2020-04-02,19.4980107784,24.229398415,27.2147046034,30.2972150924,35.2320615288,5.766977584,8.1908804946,10.0732047093,12.3485913732,16.5198487081,5.1439540587,7.1469602459,8.7720347346,10.6659419313,13.8073972804,2,4,5,7,9,0,1,2,3,5,0,1,2,3,4
2020-04-03,22.0949197475,26.4009887841,29.7303839956,32.899823487,37.9805878015,6.1858304281,8.9368837697,10.9326552242,13.4275280548,17.5484206188,5.707602978645005,7.8083482578000005,9.5172407327,11.5454530336,14.947186109099999,2,4,5,7,10,0,1,2,3,5,0,1,2,3,5
2020-04-04,24.1964995508,28.373536261799998,31.7131453834,35.0564721412,40.0366274274,7.050354956,9.5561180148,11.7785262928,14.3660867612,18.2936222203,6.309624343,8.3850974126,10.2063398242,12.3389334332,15.5299483095,2,4,5,7,10,0,1,2,3,5,0,1,2,3,5
2020-04-05,26.0436659389,30.3467902154,33.6706800893,37.2778885965,41.9649243379,7.389838667499999,10.075021023,12.4214386234,15.09297430525,19.1365670585,6.6529420472,8.9656551425,10.78952069625,12.9305715016,16.2344770782,2,4,5,7,10,0,1,2,3,5,0,1,2,3,4
2020-04-06,27.3080977962,31.915542833499998,35.45330401,38.9695545428,43.3961382527,7.9654403204,10.7037339435,13.0122046473,15.7281487465,20.1881695051,7.1591837105,9.516665697,11.4199160118,13.4247575035,16.7564454908,2,4,5,7,10,0,1,2,3,5,0,1,2,3,5
2020-04-07,28.7697677884,33.2345053265,36.9071077865,40.2786816922,45.1700610747,8.1772837735,11.1928752272,13.5365865635,16.3871236624,20.8372883078,7.5431718921,9.885783118900001,11.9212755694,13.9562324235,16.7024354487,2,4,5,7,10,0,1,2,3,5,0,1,2,3,4
2020-04-08,29.539975299600002,34.2469603527,37.713728744,41.2010399329,46.2023547268,8.445775918670002,11.3577357538,13.8001194169,16.7779737545,21.5571795617,7.7496258129,10.1608607477,12.0765674257,13.9910997365,17.2721480082,2,3,5,7,9,0,1,2,3,5,0,1,2,3,4
2020-04-09,30.314243741200002,34.9967141254,38.282294869850006,42.165635539,46.76747171014,8.5831398031,11.4602071678,13.9598972738,17.2154218669,21.993639086800002,7.8661399547,10.4311665539,12.1679861437,14.3480875517,17.44630699240998,2,3,5,7,10,0,1,2,3,5,0,1,2,3,4
2020-04-10,30.872008645,35.415335918574996,38.7482747702,42.105254375,46.9877160892,8.6936273547,11.6596815599,14.2624434979,17.2041820965,22.4277803681,8.2337985767,10.6010823911,12.3293255699,14.3021646164,17.2683213441,1,3,4,6,9,0,1,2,3,4,0,1,1,2,4
2020-04-11,31.379113660190015,35.705106215,38.8383876734,42.3592813872,47.4968234128,8.6006793993,11.5897344449,14.2708837328,17.3438784591,22.433043191,8.1469793484,10.5070270788,12.356593468,14.3520400508,17.2406683713,1,3,5,6,9,0,1,2,3,4,0,1,1,2,4
2020-04-12,30.94497147,35.8508244422,38.9680482119,42.2291650872,47.1489934639,8.3136657765,11.3096591891,14.0812597161,17.4926705948,22.3243770997,7.9283447573,10.455844516,12.1936178823,14.1773030639,17.159051475,1,3,4,6,8,0,1,1,2,4,0,1,1,2,4
2020-04-13,31.4034151706,35.7432211625,38.9110235388,42.1225608618,47.2547160354,8.1651896507,11.2558237292,14.1332912769,17.279501978425,22.6465370593,7.9601575479,10.2739555,12.3212940128,14.0799471202,16.9370468789,1,3,4,6,8,0,1,2,3,4,0,1,1,2,4
2020-04-14,30.9878687119,35.3403310047,38.6311963376,41.7770884338,46.3918151191,8.159813888645001,11.1800490024,14.1260842108,17.0443086593,22.6520218896,7.9686074271,10.2249165031,12.1149483656,13.8800133302,16.680191765700002,1,3,4,5,8,0,1,1,2,4,0,1,1,2,4
2020-04-15,30.584267885799996,35.0036243501,38.2714918744,41.0844280043,46.3223165453,7.845203692970001,11.046643113150001,13.8317087222,17.0199641786,22.0444497205,8.017498232625,10.123769578,11.8444492874,13.7693547417,16.35480473,1,3,4,5,8,0,1,1,2,4,0,1,1,2,4
2020-04-16,30.371650028299996,34.5485116449,37.6440227472,40.7348429013,45.6865520032,7.806618005899999,11.0594760416,13.7165626705,16.7847289897,21.9719751313,7.9197232426,9.9984929451,11.7782021966,13.575422798,16.1122645247,1,2,4,5,7,0,1,1,2,4,0,1,1,2,4
2020-04-17,30.0447900824,33.9745403065,37.0347301404,40.3836157581,44.8365963035,7.5342657635000005,10.6897423275,13.4157769199,16.6216001495,22.0169355073,7.6316242656,9.84269305305,11.5709782069,13.2272352969,15.903760617249969,1,2,4,5,8,0,1,1,2,4,0,0,1,2,3
2020-04-18,29.333961204800005,33.3613464948,36.3023163106,39.7518317969,44.4935137039,7.4077552339,10.4829639601,13.1101578972,16.244644614,21.546921227549994,7.441967507199999,9.646671103,11.2919277103,13.0153891707,15.7056480982,1,2,3,5,7,0,0,1,2,4,0,0,1,2,3
2020-04-19,28.9030323037,32.7357952399,35.8099038902,39.0842198956,43.5231435835,7.3768108147,10.1607718765,12.8025665022,16.1650056329,21.2457196834,7.4370435657,9.3607737517,11.0812051709,12.9072043049,15.207381467,1,2,3,5,7,0,1,1,2,4,0,0,1,2,3
2020-04-20,28.3382010011,32.0881288536,35.2751686645,38.5634321093,43.09607698691997,7.1304711233999996,9.9348929094,12.6238945878,16.00264723,21.2152130975,7.0146698323,9.2106215464,10.8808094429,12.5507783461,15.077004131000002,1,2,3,5,7,0,1,1,2,4,0,0,1,2,3
2020-04-21,27.8456036837,31.9578557694,34.8979275233,37.770872327,42.4640685646,6.8120263558000005,9.588782762,12.3913092612,15.91956154995,21.3510045884,6.989774222160001,8.9707648297,10.5458385577,12.2275939393,15.16620748,1,2,3,5,7,0,0,1,2,4,0,0,1,2,3
2020-04-22,27.2578662337,31.0971710065,33.9162810429,37.1954223267,41.6521637747,6.8554937761,9.5615919464,12.1192669047,15.3659399843,21.0659968059,6.9862220364,8.7739111943,10.346770688,12.119101627275,14.954651490900002,0,2,3,4,7,0,0,1,2,4,0,0,1,2,3
2020-04-23,26.2323634247,30.4527834711,33.3449752998,36.4722447248,40.6454327736,6.4434429071,9.1745379842,11.8619888619,15.2311584831,20.6260006681,6.6234031779,8.5696868436,10.0787482324,11.8369406519,14.4112974245,1,2,3,4,7,0,0,1,2,3,0,0,1,2,3
2020-04-24,26.0138263083,29.8312596758,32.8782024805,35.7571915209,40.0987333037,6.2193749527,9.0446025357,11.751903037,14.8239677553,20.1806273895,6.4914589931,8.4025535446,9.7923146048,11.6290611076,14.1773753651,1,2,3,4,7,0,0,1,2,3,0,0,1,2,3
2020-04-25,25.6644106596,29.2542663061,31.9641611447,35.0094672266,39.2405668942,6.143451504165,8.9012466816,11.458992082850001,14.5980164986,19.7658145762,6.3981286168,8.1396268643,9.6768026684,11.3982900016,14.0146632292,0,2,3,4,6,0,0,1,2,3,0,0,1,2,3
2020-04-26,24.8495419884,28.6644963351,31.5638485755,34.432239432,39.0903568295,5.8725396922,8.6427996305,11.1691397384,14.3187511063,19.5669914258,6.0518296399,7.8982003051,9.5504667968,11.1012168889,13.7379539921,0,2,3,4,7,0,0,1,2,3,0,0,1,2,3
2020-04-27,24.0186350553,28.1400573038,30.7792791099,33.9007047424,38.4278984112,5.4883102789,8.4636506859,11.0196575979,13.97813012765,19.000446495734984,5.7496973584,7.693775185,9.1742528078,10.8404535863,13.5401531434,0,2,3,4,6,0,0,1,2,3,0,0,1,2,3
2020-04-28,23.2747455664,27.5599910266,30.4190799955,33.3526059798,38.1788577877,5.4750814076,8.271304082675002,10.8224073376,13.8477180803,18.8253503866,5.6100562067,7.5440567353,9.0841887684,10.717865993,13.4210391641,0,2,3,4,7,0,0,1,2,3,0,0,1,2,3
2020-04-29,22.6754779761,26.8401223167,29.8700566243,33.1593675275,37.5154018922,5.1665884083,8.1491762566,10.7085328932,13.6615785039,18.8450753326,5.4365725488,7.387650788,8.9150594724,10.6196750585,13.3644842861,0,2,3,4,6,0,0,1,2,3,0,0,1,2,3
2020-04-30,21.8312871716,26.2967146013,29.30415865165,32.4906237553,37.2176423053,5.1905550571,7.897082081475,10.4338259429,13.4515286559,18.3873782018,5.2265148724,7.1490145563,8.6605490149,10.4198495179,13.1337289792,0,2,3,4,6,0,0,1,2,3,0,0,1,2,3
2020-05-01,20.8341171296,25.7404406306,28.9735562955,32.0729237421,36.9907320598,4.7554868371,7.7788386551,10.2276356486,13.0959338145,18.1836986251,4.9648666049,6.9525240856,8.4972232276,10.2827562464,12.8105486281,0,1,3,4,6,0,0,1,2,3,0,0,1,2,3
2020-05-02,20.553844459230007,25.334580126575002,28.3080433676,31.8417211717,36.1500150242,5.0077497015,7.6098492347,10.0715720758,13.0793328389,17.5944643263,4.8829392057,6.7887109033,8.4455680556,10.1185787353,12.518445463900001,0,2,3,4,6,0,0,1,2,3,0,0,1,2,3
2020-05-03,20.07480895202,24.9712823788,27.8651021283,31.3298521435,36.1836569147,4.8668056898,7.4704237997,9.9344628109,12.9427236358,16.8966483906,4.6991289366,6.6011262484,8.2636509997,10.0328296382,12.4326351059,0,1,3,4,6,0,0,1,2,3,0,0,1,2,3
2020-05-04,19.2646007969,24.1645775465,27.4160720567,30.9795697712,35.76514136058497,4.8287204814999996,7.3126401211,9.8590903809,12.6974347153,16.934326308,4.6793719801,6.5166546721,8.1381703752,9.867750579199999,12.5724345855,0,1,3,4,6,0,0,1,2,3,0,0,1,2,3
2020-05-05,18.6177518654,23.743881739,26.9039536485,30.5391509351,36.2089420913,4.7659485457,7.2658460327,9.7177681738,12.4194662386,17.0992193359,4.3203679208,6.4798780993000005,7.9685480806,9.779975007,12.5651576213,0,1,2,4,6,0,0,1,2,3,0,0,1,2,3
2020-05-06,18.1218281423,23.0970852025,26.5391018306,30.101072836725,35.9011895951,4.531444207980001,7.0763461662000005,9.6324354876,12.1307233846,17.149657411,4.1991150284,6.2797247139,7.8016919938000004,9.5681413661,12.6146884948,0,1,2,4,6,0,0,1,2,3,0,0,1,1,3
2020-05-07,17.2021438555,22.6900909543,26.1133096959,29.5330041046,35.3438529539,4.4134192553,6.9752539598,9.462645311,11.979857922,16.5993181873,4.0335512001,6.2240618454,7.7108631228,9.5136268183,12.3467458907,0,1,2,3,6,0,0,1,2,3,0,0,1,1,3
2020-05-08,16.92544183,22.0110989916,25.7680859312,29.373017491,35.1809774649,4.387270706005001,6.7924460391,9.2032159424,11.8098219927,16.1932472799,3.8873335288,6.0965299369,7.6491924934,9.2324716042,12.226449181,0,1,2,4,6,0,0,1,2,3,0,0,1,1,3
2020-05-09,16.2803518983,21.6418102402,25.4329646089,28.9991231005,34.9133350012,4.2406465535,6.736785695,9.2701097831,11.623090057,16.1998021516,3.8297989164999997,5.8320735049,7.4692274203,9.2484635707,12.2115489392,0,1,2,4,6,0,0,1,2,3,0,0,1,1,3
2020-05-10,15.9287003881,21.4883061382,25.0677572927,28.9511783669,34.2688217694,4.0977173559,6.57780924985,9.0317515367,11.572457238,15.8376075144,3.5505789944,5.7887672996,7.3648074019,9.2787012095,11.9971160559,0,1,2,4,6,0,0,1,2,3,0,0,1,1,3
2020-05-11,15.441801884699998,20.875063307,24.4562865778,28.5189205456,34.6158633008,3.8866409517,6.4465134051,8.8275252627,11.4489310193,15.9427547162,3.5268703863,5.5712754089,7.3248584216,9.0538853015,12.0172465439,0,1,2,4,6,0,0,1,2,3,0,0,1,1,3
2020-05-12,14.591133402299999,20.154416277325,24.3160265471,28.1029688678,34.164486794,3.7288897743,6.5287551629,8.6376555912,11.0911851801,15.3896345342,3.3364250899,5.522888932,7.0787632,8.9759677921,11.819907579684962,0,1,2,3,6,0,0,1,1,3,0,0,1,1,3
2020-05-13,14.2463916803,19.8837899237,23.9381795531,27.86364643,34.0240500592,3.58228147,6.465678797500001,8.5629560067,10.9396901673,15.4409352952,3.2624614648,5.3466505327,7.1443297641,8.854919743,11.9637091064,0,1,2,3,6,0,0,1,2,3,0,0,1,1,3
2020-05-14,14.0448905684,19.5229100766,23.5889553729,27.79030329065,33.8011608088,3.5441023123,6.3040259431,8.37285003065,11.0753193819,15.244896927,3.230008003,5.1663749137,7.0473546683,8.9267827591,11.630053787,0,1,2,3,6,0,0,1,1,3,0,0,1,1,3
2020-05-15,13.5955137607,19.1498773009,23.4233653777,27.2493156982,33.431179622244905,3.5301851402,6.1226237097,8.3173841908,11.0270478475,15.2242375531,3.1569754305,5.2484436035,6.8575960857,8.8153846996,11.7289557536,0,1,2,3,6,0,0,1,2,3,0,0,1,1,3
2020-05-16,13.2757950354,18.6543662134,22.9442019404,26.9023759954,33.7409522568,3.4844938227,5.995048211,8.1654157748,10.7688693307,14.9716164702,3.0241679251,5.1756242331,6.79294213735,8.6686358461,11.6307603538,0,1,2,3,6,0,0,1,1,3,0,0,1,1,3
2020-05-17,12.5864379608,18.3542158635,22.3959995477,26.704929066,33.8243107561,3.1546886129,5.9304818857,8.0079908919,10.4447625992,14.8146410084,2.8250934814,4.9896599022,6.7758657957,8.5798520515,11.595255565,0,1,2,3,6,0,0,1,1,3,0,0,1,1,3
2020-05-18,12.2206521843,18.1185176061,22.1865710243,26.6641303116,34.2992357351,3.257916581,5.8590187118,7.978663729,10.5529890023,14.9912842282,2.8177640975,4.8792897775,6.7409914953,8.4102783192,11.7778176096,0,1,2,3,6,0,0,1,1,3,0,0,1,1,3
2020-05-19,11.713297936,17.7531336081,22.0256968132,26.310662781,34.2371263969,3.2433769595,5.758626434,7.8114261396,10.3922037329,14.6212786979,2.8085779155,4.8147078729,6.6136419817,8.4470812075,11.5168081867,0,1,2,3,5,0,0,1,1,3,0,0,1,1,3
2020-05-20,11.0992025095,17.2215831368,21.5725413278,26.5527206422,34.2430951824,3.1336732669,5.5944176277,7.6754489283,10.2148087488,14.4381196449,2.7648038049,4.6667071778,6.54386311935,8.47759462,11.4475648391,0,1,2,3,6,0,0,1,1,3,0,0,1,1,2
2020-05-21,10.5901098114,17.1255469638,21.3212173045,26.0513524975,33.7863434454,2.8266268313,5.423133785,7.5065907476,10.2155823659,14.2601122382,2.5403627559,4.5816267168,6.4119601578,8.25256205695,11.3928718179,0,1,2,3,6,0,0,1,1,3,0,0,1,1,2
2020-05-22,10.4844877781,16.5286410233,20.9867308151,25.8127979336,34.24667262194491,2.8721852402,5.427062562,7.3415305140000005,10.0694392599,14.4216445676,2.4274208663,4.5375706928,6.3447324186,8.1329653552,11.3289358875,0,1,2,3,6,0,0,1,1,3,0,0,1,1,2
2020-05-23,10.1476861291,16.2192816174,20.8024791828,25.3362536745,34.29534676066997,2.7078725933000003,5.1164869909,7.2554613097,9.9651414093,14.0789692818,2.3723842532050017,4.4064524025,6.304481822,7.9272714504,11.3184852793,0,1,2,3,6,0,0,1,1,3,0,0,0,1,2
2020-05-24,9.9567887823,15.8050491754,20.3264068809,25.1290535339,34.0644974582,2.473303194,5.1460313019,7.2439186407000005,9.8035842606,14.0941907679,2.1132856697,4.379814197,6.0156491025,7.875583496,11.5443996461,0,1,2,3,6,0,0,1,1,3,0,0,0,1,3
2020-05-25,9.5398644464,15.5391989992,20.1500931694,25.1039075302,34.4073079316,2.4205836632,4.9790726887000005,7.1674467472,9.7472736879,14.1311768731,2.129217575,4.2047178977,5.9570911271,7.9453540722,11.4308082852,0,1,2,3,6,0,0,1,1,3,0,0,1,1,3
2020-05-26,9.0197190194,15.1657372407,19.9397045002,24.679017723,34.7296546253,2.5133745362,4.8895193701,7.0828379715,9.616417743175,14.1368430199,2.0552610457,4.1032915065,5.8768695194,7.8319214199000005,11.6651095712,0,1,2,3,6,0,0,1,1,3,0,0,1,1,3
2020-05-27,8.9135097153,15.075326472,19.516978473400002,24.5797186968,34.5296942276,2.3858933668,4.8176989756,6.8972172341,9.384379772,13.9201852025,1.9663417948,4.0416915978,5.7670081589,7.7880036849,11.6146244593,0,1,2,3,6,0,0,1,1,3,0,0,0,1,3
2020-05-28,8.1710896419,14.646086645175002,19.0775703926,24.4298710646,34.7185636113,2.2766573983000002,4.6662246676,6.8514203722,9.3254729231,13.7750622332,1.8443037818999999,3.9059646569,5.5805278536,7.7537042276,11.1947944846,0,1,2,3,5,0,0,1,1,2,0,0,0,1,2
2020-05-29,7.9990759936,14.4132413531,18.8634771743,23.9525677671,34.6619149119,2.2243747007,4.7217865312,6.7439689794,9.2906203014,13.7763730279,1.8811944826,3.8636607571,5.5758956423,7.4861765156,11.3305715603,0,1,2,3,6,0,0,1,1,3,0,0,0,1,2
2020-05-30,7.9384695805,13.9156395774,18.4645123659,23.8444357833,34.7020561905,2.2412276068,4.4856244195,6.5648725267,9.1685135591,13.5813679287,1.7380723592,3.726340497,5.3918209423,7.4912941109,11.5507071097,0,1,2,3,5,0,0,1,1,3,0,0,0,1,2
2020-05-31,7.452647241899999,13.4634958777,18.2103746403,23.822586415700002,34.3847540929,2.0012497861,4.4180650291,6.5388133765,9.1165560957,13.4320726867,1.7359548038,3.6233240294,5.2507535968,7.446207101,11.547711919409995,0,1,2,3,5,0,0,1,1,3,0,0,0,1,2
2020-06-01,7.3543199069,13.3279459891,18.0691033676,23.8982225228,34.1144162346,2.1275262001,4.4015721508,6.3713992262,9.0969148012,13.662311101444875,1.6937160204000001,3.4810672489,5.200505089,7.55473015,11.3895358037,0,1,2,3,6,0,0,1,1,3,0,0,0,1,2
2020-06-02,6.9351013579,13.010181503,17.7846449659,23.718848568075,33.8369843722,2.0272099447,4.2859314554,6.3847272274,8.9923804858,13.6470829348,1.6327710018000001,3.4486846055,5.2559783025,7.366827553,11.4782712661,0,1,2,3,5,0,0,1,1,3,0,0,0,1,2
2020-06-03,6.5935721431,12.8548201497,17.4282067953,23.5156628476,34.6008778664,1.979811731,4.1316613213,6.2855519375,8.9118632877,13.317053211,1.5513012949100005,3.3600306497,5.2128286038,7.2269571817,11.1670274875,0,1,2,3,5,0,0,1,1,2,0,0,0,1,2
2020-06-04,6.5375083296,12.6486790135,17.39607205145,23.0332135987,34.2017976097,1.822143542,4.0860444394,6.2553247991,8.7082394646,13.0926402781,1.5052968028,3.2801282772,5.1433035691,7.2586731317,10.9278455977,0,1,1,3,5,0,0,0,1,3,0,0,0,1,2
2020-06-05,6.195217379,12.3189443616,16.7959392778,22.7928171,33.4123179342,1.8874380916,4.0785403111,6.167655073,8.6463785451,12.6562586632,1.4160955795,3.2539619551500003,4.9844227053,7.1127884984,10.8198027633,0,1,1,3,5,0,0,0,1,2,0,0,0,1,2
2020-06-06,6.0024811795,12.0817325594,16.7922021211,22.6359780443,33.5506172978,1.8590510056,3.900216357,6.0524443725,8.5781419751,12.9481083144,1.2512650428,3.2613596242,5.0086304887,7.1790087972,11.01581837,0,1,2,3,5,0,0,0,1,3,0,0,0,1,2
2020-06-07,5.8567659232,11.7125367357,16.612947518,22.1588158521,34.6303934121,1.654546065,3.8711245775,5.8920633105,8.6818912865,13.0863277705,1.3019896737,3.2130584079,4.9065366412,7.126523763,11.3147240148,0,1,2,3,5,0,0,0,1,3,0,0,0,1,2
2020-06-08,5.7246782926,11.3682020487,16.4525307964,21.9361744456,34.5446808665,1.6470564394,3.8528990456,5.8321296088,8.445981509,13.2119156139,1.1842432269,3.1221670198,4.8597947348,6.8419623763,11.5572322555,0,0,1,3,5,0,0,0,1,3,0,0,0,1,2
2020-06-09,5.5160302989000005,11.3650907056,16.2369869261,21.9079516106,34.6881475654,1.6449577074000001,3.7569277959000003,5.7154807121,8.4447803478,12.9994768184,1.1513947268,3.0360356601,4.7927240141,6.8853359186,11.5104626546,0,1,1,3,6,0,0,0,1,3,0,0,0,1,2
2020-06-10,5.0972050254,11.0875968923,15.9605946686,21.5369404936,34.2788970282,1.556343542,3.7682624188,5.77004177835,8.4383446587,13.165458996,1.0936249916,2.9671599362,4.6660270145,7.0074426985,11.1912846513,0,1,1,3,5,0,0,0,1,2,0,0,0,1,2
2020-06-11,4.9805994569,10.796595174925,15.750830004600001,21.3956288423,34.6303312667,1.4994480067,3.5827638249250002,5.6814481016,8.2233797095,12.9452266588,1.065726578,2.9514367239,4.7343277996,6.8607135717,11.325770388,0,1,1,3,5,0,0,0,1,2,0,0,0,1,2
2020-06-12,4.9648577306,10.7124335688,15.7940906533,21.3502023727,34.4299700539,1.3686754237,3.6178573626,5.6236065774,8.4038758055,13.0455797231,1.003214928,2.8950636163,4.7239935203000005,6.6863760228,11.3446760191,0,1,1,3,5,0,0,0,1,3,0,0,0,1,2
2020-06-13,4.8309116702,10.3958054108,15.5243375244,21.274509917,34.0185526537,1.4184390992,3.5307376437,5.4050961496,8.1432489107,13.1375121529,1.0529751606950026,2.9100641534,4.5544651017,6.6588876167,11.5196738033,0,1,1,3,5,0,0,0,1,2,0,0,0,1,2
2020-06-14,4.6271605796,10.1102406466,15.4431805047,21.0049252856,33.7008078586,1.3558798263,3.3836391547,5.4852346722,8.1890952374,12.9969960855,0.9507033879000001,2.7788675361,4.6331786144,6.614484384,11.329806928,0,0,1,3,5,0,0,0,1,3,0,0,0,1,2
2020-06-15,4.4709968981,9.9061652141,15.1936198279,20.709627365,33.6735173313,1.3161450955,3.3688346823,5.5001862146,8.2407650688,12.6269010009,0.9560966933999999,2.7478085176000002,4.6173946089,6.6073053463,11.3161090002,0,0,1,3,5,0,0,0,1,2,0,0,0,1,2
2020-06-16,4.3717300264,9.6138497784,14.9900106583,20.7324651693,33.623769439,1.2914719717,3.3133154568,5.289256042,8.1765108315,12.6005610055,0.9890658454000001,2.6346308225,4.495316373350001,6.6601439649,11.1625531211,0,0,1,3,5,0,0,0,1,3,0,0,0,1,2
2020-06-17,4.2009218832,9.7668968286,14.8818346892,20.6641176879,34.6136385159,1.2384591066,3.176096491,5.325737819,8.0330739353,12.7440623164,0.9049879623,2.541395179975,4.4681750472,6.6277858627,11.1126212446,0,0,1,3,5,0,0,0,1,2,0,0,0,1,2
2020-06-18,4.122414878,9.3389551004,14.4964678247,20.3771685948,33.68135878927437,1.1591772005550003,3.0880719822,5.0920006298,7.9658889535,12.7991253312,0.8507940411,2.5636635703,4.3941530107,6.5827210606,11.3103651467,0,0,1,2,6,0,0,0,1,3,0,0,0,1,2
2020-06-19,3.8594104751,9.3100508602,14.0495468722,20.0541766291,34.5511949203,1.1045887808,2.9679610345,5.0255449503,7.7061575462,12.5786829962,0.7852086268450003,2.4236737192,4.219577998,6.5354763449,11.2982812268,0,0,1,2,5,0,0,0,1,2,0,0,0,1,2
2020-06-20,3.4708905431,9.094278163,13.7357671547,19.5871549939,34.2087541973,1.0865564927,2.9046900561999998,4.9377618387,7.8452509059,12.5482065456,0.7223630545,2.360248414,4.2561295306,6.3930910894,11.3181684124,0,0,1,2,5,0,0,0,1,2,0,0,0,1,2
2020-06-21,3.4335697945,8.9141510416,13.3648189189,19.52276858,33.8384057615,1.0880874155,2.8416070661,4.8597135087000005,7.7636792751,12.6681009219,0.7131054638000001,2.3390708179,4.1231592721,6.3570041439,11.5098720488,0,0,1,2,5,0,0,0,1,2,0,0,0,1,2
2020-06-22,3.2443895661,8.8129917615,13.3753346656,19.2263307247,33.6839945284,0.9705782737000002,2.849624916,4.7775480038,7.5588420036,12.69986462298999,0.6417366647,2.2456760033,4.0504394091,6.1303039237,11.1312474812,0,0,1,2,5,0,0,0,1,2,0,0,0,1,2
2020-06-23,3.2895340952,8.5548777621,13.0016812166,19.3127703341,34.7409479092,1.028689728,2.7433611246,4.6432872514,7.4430796151,12.5653241284,0.6661639315,2.2811912867,3.9834795135,6.1093832776,11.6128938546,0,0,1,2,5,0,0,0,1,2,0,0,0,1,2
2020-06-24,3.172465786,8.2020863179,12.9569093614,19.4064678021,34.3329429514,0.9524978188000001,2.6621238331,4.65037521165,7.4324463197,12.6148509244,0.6678639317,2.2129638261249998,3.9252897526,6.0813150252,11.21178429,0,0,1,2,5,0,0,0,1,2,0,0,0,1,2
2020-06-25,3.0415810282,8.1722151786,12.68579327245,19.3087991501,34.7083531677,0.898860847,2.5890826141,4.5166184022,7.249534192,12.6889009406,0.6580293273600037,2.1120853797,3.8607665907,6.1708724325,11.035034688,0,0,1,2,5,0,0,0,1,2,0,0,0,1,2
2020-06-26,2.8551047876,7.9473495416,12.5667229197,19.0803226963,35.19915089,0.929016275,2.482887369725,4.466959293,7.2173506586,12.7734415838,0.6312596359,2.059591941,3.7644247241,6.1050077846,11.0126162829,0,0,1,2,5,0,0,0,1,2,0,0,0,1,2
2020-06-27,2.6385219458,7.7474177074,12.463962732150002,19.2397935793,35.1485816332,0.8300136145,2.5384085765,4.3961843221,7.0642355713,12.698625378300001,0.5650013037,1.9628975576,3.6950790902,5.9685271287,11.2103352156,0,0,1,2,5,0,0,0,1,2,0,0,0,1,2
2020-06-28,2.6207323915,7.5739516665,12.1874277251,18.9531091511,35.7355376634,0.7749931253,2.4901052465,4.2511729165,7.0796884854,13.0578784252,0.5153600985,1.8946242618,3.6501188003,5.9373013713,11.1247446298,0,0,1,2,5,0,0,0,1,2,0,0,0,1,2
2020-06-29,2.416271376,7.3786843063,12.1356685039,18.635430268,36.0013531296,0.7411966594,2.3726581998,4.2309170861,7.044440795,13.3374369742,0.4491635282,1.9705909738,3.6134977688000003,5.8315481889,11.6225670034,0,0,1,2,5,0,0,0,1,2,0,0,0,1,2
2020-06-30,2.2054699594000002,7.3029893781,12.0333818071,18.816481394,36.137372203,0.7287728783,2.3293428724,4.1641922617,7.0829110658,12.7650681506,0.4264436192,1.8952503996,3.6038911330000003,5.8670105615,11.797346275,0,0,1,2,5,0,0,0,1,2,0,0,0,1,2
2020-07-01,2.1784503348,7.191020940825001,11.7282900902,19.045439483,37.4400842271,0.6615316297,2.2797619473,4.1290620006,6.9892129791,12.8373532076,0.42642290520000004,1.8684759114,3.4858161359,5.7910539302,11.7860457967,0,0,1,2,6,0,0,0,1,2,0,0,0,1,2
2020-07-02,2.1922212961,6.967921032,11.4585846977,18.4699073848,35.336932633,0.615015565,2.2138912149,4.0664386247,6.983703768,12.9210799387,0.36855773080000004,1.7686424488,3.4232786648999998,5.7910639332,11.532149005299999,0,0,1,2,5,0,0,0,1,2,0,0,0,1,2
2020-07-03,2.0124151351,6.8253869293000005,11.4289580297,18.9086227418,35.3886488969,0.5688761325,2.1129870855,3.993447322,7.00588191345,12.8654839372,0.3341939372,1.6736273438,3.3746898133,5.59924434225,11.746121594,0,0,1,2,5,0,0,0,1,2,0,0,0,1,2
2020-07-04,2.0230836394,6.8207640684,11.2484628419,18.6773608814,35.188021118099996,0.5803727212,2.113433734,3.9004485275,7.0070890738,12.7769193471,0.3016159373,1.6829544258,3.2700375378,5.7449876033,11.5097193611,0,0,1,2,5,0,0,0,1,2,0,0,0,1,2
2020-07-05,1.8660042910999999,6.4867926297,11.3085341707,18.5860981597,36.206908975,0.5390480703,1.9991830689,3.750244515,6.827801939,12.8466423677,0.2570278231,1.6097595171,3.2188644738,5.6538955381000005,11.4668778729,0,0,1,2,5,0,0,0,1,2,0,0,0,1,2
2020-07-06,1.72862293,6.4095476378,11.1704570743,18.0085902523,36.2549532628,0.5100430493,2.0755635152,3.7238375172,6.8065499177,13.0207738793,0.2319281278,1.5623721466,3.1325394726,5.6187816439,11.5275482657,0,0,1,2,5,0,0,0,1,2,0,0,0,1,2
2020-07-07,1.6742427058,6.2060606655,11.0053227098,17.9541988661,35.5576485234,0.4892691399,2.0085886809,3.7634829941,6.6281972984,12.9075018369,0.2051126026,1.633134891175,3.1224816742,5.5627206134,11.1151870871,0,0,1,2,5,0,0,0,1,2,0,0,0,1,2
2020-07-08,1.7311386276,6.2736190417,10.9302199373,17.6472341437,36.2562944351,0.4394881942,1.9461213138,3.7278258065000003,6.619892777225,12.8433437427,0.1752612749,1.6610223580999999,3.0007424851,5.3977474116,11.73007267689493,0,0,1,2,5,0,0,0,1,2,0,0,0,1,2
2020-07-09,1.571290764,6.1245144001,10.6236855942,17.65363091,35.3995994362,0.433184257,1.9469753593,3.6842593761,6.435606459775,13.0247279147,0.1660371884900006,1.5667568679000001,3.0683631287,5.487667142325,11.8026790944,0,0,1,2,5,0,0,0,1,2,0,0,0,1,2
2020-07-10,1.5335491244,5.8615854236,10.6095077859,17.4489571815,35.9547585629,0.4492707623,1.9337552616,3.5690926446,6.4183666722,13.2635085384,0.16699773,1.4603650784,3.0056595807,5.5494872807,11.400891702,0,0,1,2,5,0,0,0,1,2,0,0,0,1,2
2020-07-11,1.441363513,5.4881130334,10.3667839524,17.3817518715,36.1933855343,0.4104392176,1.8915242991,3.6317601438000002,6.4681992802,13.3816814285,0.14860994160000002,1.4807083233,3.0255504641,5.4764626511,11.4784120945,0,0,1,2,5,0,0,0,1,2,0,0,0,1,2
2020-07-12,1.4553951170000001,5.5477521946,10.102131626,17.5023706874,35.3738072854,0.3904595368700007,1.8214131433,3.5364649676,6.4814277631,12.7623075773,0.1423327383,1.3521761114,2.9932119194,5.4319285931,11.6358796938,0,0,1,2,5,0,0,0,1,2,0,0,0,1,2
2020-07-13,1.2702975364,5.4007051982,10.0312470581,17.588364404900002,35.6809869823,0.3353745041,1.7229322158,3.5531845813,6.3700434482,12.9003296986,0.1463190121,1.2566144013,2.9634954207,5.4839598929,11.787096391349763,0,0,1,2,5,0,0,0,1,2,0,0,0,1,2
2020-07-14,1.2597265402,5.2492417422,10.0340202839,17.213077902,36.3207184178,0.3355684955,1.6419849172,3.4516194005,6.4089318791,12.844118343,0.15103285930000002,1.2414644207,2.9222445720000003,5.3346555137,11.5805153292,0,0,1,2,5,0,0,0,1,2,0,0,0,1,2
2020-07-15,1.1314001591,5.1437539378,9.7726844472,17.1360742878,35.1127923172,0.30514515200000003,1.5935528263,3.3662837943,6.3801209116,12.8222138436,0.1598775449,1.2416821699,2.8592386953,5.2663728125,11.943876386679975,0,0,1,2,5,0,0,0,1,2,0,0,0,1,2
2020-07-16,1.1305227044,4.9187848177,9.7652618243,17.1810860846,35.4796265536,0.28187125778500016,1.5910598817000001,3.4579229955,6.3120680212,12.965795540789854,0.216994711,1.2340660912,2.881232323,5.1166268189499995,11.524328670100001,0,0,1,2,5,0,0,0,1,2,0,0,0,1,2
2020-07-17,1.095577313,5.008073718,9.4861755234,16.649508203,36.030316629579985,0.2513707287,1.5441435583,3.378523088,6.1952740581,12.9733877436,0.1903898058,1.2649240928,2.7833186951,5.156657011,12.1287168706,0,0,1,2,5,0,0,0,1,2,0,0,0,1,2
2020-07-18,1.0973256385,4.8613669485,9.0643628148,16.2360803879,36.1068000024,0.2294469851,1.4378123948,3.3449457995,6.053869882,12.6524156625,0.16796560230000002,1.235558384,2.750273215,5.1121119648,11.7400156421,0,0,1,2,5,0,0,0,1,2,0,0,0,1,2
2020-07-19,0.9606466060000001,4.5668700028,9.1411357079,16.0258296459,35.8364159182,0.20864484020000001,1.4054664581999998,3.2501825028,6.06519486,12.9815964767,0.1465658447,1.1522180936,2.6266391795,5.133273797,11.0411100737,0,0,1,2,5,0,0,0,1,2,0,0,0,1,2
2020-07-20,1.0015173688,4.6422069444,8.9737551275,15.951860525,35.8458779839,0.19711496350000002,1.392296393025,3.1531854192,5.9641759796,13.0515448991,0.1285959578,1.1558712895,2.6608101533,5.0907985603,11.1796304074,0,0,1,2,5,0,0,0,1,2,0,0,0,1,2
2020-07-21,0.9657122408000001,4.5127101927,8.7651369917,15.7301789164,35.4881193547,0.1930168219,1.4619838896,3.2019131834,5.9851767471,12.7305056449,0.11879686560000001,1.1349811042,2.7123214730000003,4.9196547037,11.3098809306,0,0,1,2,5,0,0,0,1,2,0,0,0,1,2
2020-07-22,0.9275753095999999,4.3334842841,8.856114419699999,15.2971075105,36.3706638653,0.1974329565,1.4071350366,3.0958283425,5.9719524288,12.4936778303,0.1079332216,1.0945212516,2.6629348674499997,4.9042234533,11.6439215948,0,0,1,2,5,0,0,0,1,2,0,0,0,1,2
2020-07-23,0.8726743626000001,4.1776422455,8.6856989805,15.5997447443,36.1385817448,0.18949189343500034,1.3507954507000002,3.012148016,5.841275630225,12.9261465339,0.09376039060000001,1.0839853931,2.5596854187,4.8075522089,11.5416971169,0,0,1,2,5,0,0,0,1,2,0,0,0,1,2
2020-07-24,0.9270732408,4.0812429903,8.5166760383,15.149334713,34.9318957822,0.1647711549,1.2957411627,3.0472189804,5.8021060983,12.3755414248,0.0869139446,1.0532054861,2.4346888935,4.7835931045,11.7510570635,0,0,1,2,5,0,0,0,1,2,0,0,0,1,2
2020-07-25,0.8786158850000001,3.978316577175,8.50216791,15.1072989624,35.9852147584,0.1540022778,1.2898899299,2.8822113976,5.7287554974,12.3207409191,0.0730374339,0.9632096827000001,2.3685058876,4.7673269295,11.2980055217,0,0,1,2,5,0,0,0,1,2,0,0,0,1,2
2020-07-26,0.852323104,3.8502109838000003,8.6693387268,15.1583440558,36.175274517644894,0.1436363134,1.2117150684,2.7970848748,5.7352306091,12.6201777625,0.0629226818,0.8988277297,2.4099251563,4.8610047289,11.1997151226,0,0,1,2,5,0,0,0,1,2,0,0,0,1,2
2020-07-27,0.7870418874,3.8291170446000002,8.2778937557,15.063704648525,37.052412418,0.1349849901,1.1446515139,2.9573355525,5.4790426291,12.2612813808,0.0540995546,0.8855624752000001,2.3598615564,4.6127527183,11.7322754897,0,0,1,2,5,0,0,0,1,2,0,0,0,1,2
2020-07-28,0.7101180530000001,3.7703367586,8.2100674157,14.9386346124,36.312174893,0.1242881053,1.0993600705,2.8023804671,5.469208052,12.1663143315,0.0507830708,0.8862222374000001,2.3223588685,4.4678623963,11.2764347149,0,0,1,2,5,0,0,0,1,2,0,0,0,1,2
2020-07-29,0.6742272697,3.6836402077,7.8873180398,15.189278798425,35.5969230146,0.11601990770000001,1.0675394361,2.6761621717,5.3271362383,12.0183322961,0.0480733192,0.8740686913,2.31403417915,4.4757525846,11.2806635958,0,0,1,2,5,0,0,0,1,2,0,0,0,1,2
2020-07-30,0.6201375788,3.4966999181,7.8762110193,14.9512950493,35.4182769968,0.10422290490000001,1.1085946469,2.6504843882999998,5.2560440742,11.988174246,0.042749897200000005,0.863692298,2.18748716,4.4901703028,11.586768931,0,0,1,2,5,0,0,0,1,2,0,0,0,1,2
2020-07-31,0.5921401933,3.48444027985,7.8171731697,14.7575969207,35.368527287,0.0970621475,1.1394032922,2.6870590642,5.0885283085,12.316686864119955,0.0414632158,0.8765988180000001,2.2114619328,4.3453448111,11.3242291646,0,0,1,2,5,0,0,0,1,2,0,0,0,1,2
2020-08-01,0.5329659316,3.4399054774,7.5716021346,14.3625452555,35.4257738154,0.08706099505500017,1.0681803084250001,2.6171122427,5.1773275157,12.1144597792,0.0375844231,0.8609652396,2.1840327146,4.4832814592,11.2471610969,0,0,1,2,4,0,0,0,1,2,0,0,0,1,2
2020-08-02,0.4942479268,3.3758050901,7.7041416594,14.3612581407,35.0273780632,0.08130965100000001,1.0194978084,2.6973390948000002,5.1438561119,12.3003967761,0.0341168434,0.830370598,2.1772448832,4.3666868153,11.3610484788,0,0,1,2,5,0,0,0,1,2,0,0,0,1,2
2020-08-03,0.46105547820000004,3.288191029425,7.6134620482,14.0638946518,35.5627858026,0.0888591955,1.0228440028,2.6346644743,5.1127653219,12.0488856953,0.0312182703,0.8262522154,2.1689840738,4.2950649995,11.2539184145,0,0,1,2,5,0,0,0,1,2,0,0,0,1,2
2020-08-04,0.4133140383,3.2970374677,7.5584053431000005,13.8071642665,36.5832371084,0.077051954,1.0068330674,2.67067188255,5.355947680525,12.448666207,0.0293296013,0.8139517303,2.227511369,4.2142251536,11.2477324178,0,0,1,2,5,0,0,0,1,2,0,0,0,1,2
2020-08-05,0.44631999510000003,3.3082086950000003,7.3220523195,13.8496677018,36.5429413652,0.06878534530000001,1.0136329903,2.5356489321,5.3515894417,12.756735451299999,0.026247884200000002,0.8006163301,2.1397430567,4.3333117435,11.5587059921,0,0,1,2,5,0,0,0,1,2,0,0,0,1,2
2020-08-06,0.4094088596,3.1333005886,7.4359032658,13.7082655137,36.4162724561,0.05834195317000003,0.9969131816000001,2.4958669165,5.1061152674,12.284662902,0.0224567388,0.7879294214,2.1404952517,4.2318426821,11.467077751,0,0,1,2,5,0,0,0,1,2,0,0,0,1,2
2020-08-07,0.3664934926,3.0981367229,7.2681743554,13.381435572825001,34.8588602101,0.0507719608,1.0093223143,2.452716736,5.1817954223000005,12.1569895715,0.0192131722,0.8047002498,2.07252533,4.2360407127,11.1415316538,0,0,0,2,5,0,0,0,1,2,0,0,0,1,2
2020-08-08,0.3165174595,2.9196923419500003,7.0383726658,13.4728574423,34.3729794819,0.0467749863,0.9916202386,2.4096148467000003,5.0249375249,12.0177463092,0.0166099173,0.7857599718,2.0507843901,4.2346548807,11.006550981,0,0,0,2,5,0,0,0,1,2,0,0,0,1,2
2020-08-09,0.2970869392,2.8335272548,6.9611740637,13.3347544822,35.2570774474,0.0430926699,0.935582825,2.346890314,5.0578549004,12.2549677887,0.0141259848,0.7660613835000001,2.0419304773,4.2002207209,11.1307473983,0,0,1,2,5,0,0,0,1,2,0,0,0,1,2
2020-08-10,0.2659169473,2.8480982288,6.9968999047,13.165957705,35.3560232084,0.0394459408,0.89306447,2.3061333771,4.8804309141,12.327004879659993,0.012032510100000001,0.7201638056,1.9171448766,4.0905741114,10.897555036,0,0,0,2,5,0,0,0,1,2,0,0,0,1,2
2020-08-11,0.2573268051,2.8382633530000003,6.805048016,13.3675081062,34.1917866932,0.035919146400000004,0.9143515722000001,2.2887934629,4.8861347227,12.1662872505,0.010796987800000001,0.7131031332000001,1.9683643486,4.0608564943,11.5742179049,0,0,1,2,5,0,0,0,1,2,0,0,0,1,2
2020-08-12,0.2652628509,2.671295062,6.7652126192,13.457846214,34.4631235199,0.0320045528,0.8849586528000001,2.311522787,4.827956226,11.915972155,0.0102768832,0.6888649723,1.9481499642000002,4.0162124941,11.051708345,0,0,1,2,4,0,0,0,1,2,0,0,0,1,2
2020-08-13,0.29242888370000003,2.5260313565,6.529394881,13.3942894718,34.480291509,0.0378671571,0.8768881288,2.2409983886,4.8431049176,11.8706906572,0.010808201100000001,0.6839072283000001,1.8256501366000002,3.9589146875249996,11.2945318529,0,0,0,2,5,0,0,0,1,2,0,0,0,0,2
2020-08-14,0.28070014320000003,2.478091166,6.4506274456,13.0214933206,34.7000145217,0.0342516683,0.8496061014,2.1778529083000002,4.8269962923000005,12.1826287418,0.0089626303,0.6636937011,1.7850253068000002,4.1014283834,11.1357829996,0,0,0,2,5,0,0,0,1,2,0,0,0,1,2
2020-08-15,0.2583500896,2.5289053194,6.3841404899,12.8645184773,35.5496236974,0.0300857356,0.7839894864,2.0919983727,4.9503077589,12.1646421183,0.0095577981,0.6056076136,1.8043698044,4.0178714649,10.9865346207,0,0,1,1,5,0,0,0,1,2,0,0,0,1,2
2020-08-16,0.2402229768,2.4691514115,6.2524806243,12.7331510547,35.1291529115,0.025406937900000003,0.7365318081000001,1.9854028334,4.7083896736,11.9320988322,0.0083326714,0.5699373578,1.6956859124,3.8223259709,11.0126726893,0,0,0,1,5,0,0,0,1,2,0,0,0,0,2
2020-08-17,0.21874023680000002,2.3806838087,6.1665287141,12.8488569199,35.0797972897,0.0236348111,0.700709416,2.0880829548,4.7967926877,11.5738408789,0.008222735200000001,0.5561185589000001,1.7367133179,4.0347685881,11.4382634187,0,0,1,2,5,0,0,0,1,2,0,0,0,1,2
2020-08-18,0.2135225805,2.2994015244,6.0998202871,13.1082476412,34.6650156796,0.0208853747,0.6888353294,2.1192785827,4.8434402208,12.2061118476,0.0076946777,0.5352323434,1.7351011235,4.0028478776,11.4344454349,0,0,0,2,5,0,0,0,1,2,0,0,0,1,2
2020-08-19,0.24835482199999998,2.2794187285,5.997833052,12.709321407200001,34.9599920892,0.020261933000000003,0.6949654334,1.984755515,4.689376815,12.3205740419,0.0068629926,0.5218294631,1.6707404148,3.9897243182,12.0119526994,0,0,0,1,5,0,0,0,1,2,0,0,0,1,2
2020-08-20,0.2200572808,2.2432795507,5.9036866292,12.5543534823,34.9879634067,0.0176917597,0.6871946867000001,1.9845507131,4.514784964,12.1607570126,0.0059402866000000006,0.49126344660000004,1.6360849186,3.8672593641,11.9734893654,0,0,0,1,5,0,0,0,1,2,0,0,0,1,2
2020-08-21,0.2077617666,2.2137160156,5.9971234073,12.4317732498,35.0219363267,0.0182882277,0.6960960984,1.9696706619,4.4940195611,11.9986469479,0.0051416353,0.4797627554,1.679762392,3.9038547551000002,11.6146831133,0,0,0,1,5,0,0,0,1,2,0,0,0,1,2
2020-08-22,0.2253802749,2.1787433249,5.834229205,12.5380453922,35.5941841671,0.015821738000000002,0.6901459623,1.9514679619000002,4.5132589614,12.2438364317,0.0044135663,0.4807999262,1.6871610606,3.8490430416,11.6393209087,0,0,0,1,5,0,0,0,1,2,0,0,0,0,2
2020-08-23,0.20927931747000006,2.0759978956,5.7528578641,12.4778836124,35.6249365694,0.0203149428,0.7106265433250001,1.8999386299,4.5315564272,12.1303933757,0.0041122964,0.5018336384000001,1.6115258448,3.7868276804,11.2049749139,0,0,0,1,5,0,0,0,1,2,0,0,0,1,2
2020-08-24,0.2203098001,2.1087305015,5.5997470607,12.2109741329,36.7767388762,0.016873814600000002,0.6573641064,1.8989513331,4.4062964564,12.0176658505,0.0035555702,0.46913944030000004,1.5148057768,3.8062156331,11.370113371069817,0,0,0,1,5,0,0,0,0,2,0,0,0,0,2
2020-08-25,0.2179341727,2.0004233986,5.5891541725,12.0938185125,36.463792454,0.017262608500000002,0.6897278676,1.8787079065,4.3812396562,12.0716768148,0.0032339578000000003,0.44830828500000003,1.55427610565,3.718807967,11.1093270902,0,0,0,1,5,0,0,0,1,2,0,0,0,0,2
2020-08-26,0.2014822791,1.98760866865,5.3970735537,11.9658202036,36.366191156,0.014807695,0.6462589440000001,1.8375021784,4.4140439482,11.7429591341,0.0026838350000000003,0.4258859679,1.5419632739,3.7434670099,11.1040005856,0,0,0,1,5,0,0,0,1,2,0,0,0,0,2
2020-08-27,0.1775365741,1.9958308716,5.3784836336,11.7329875912,36.5663168839,0.0139369882,0.6265217992000001,1.7537764728,4.2855836306,12.0191670954,0.0022981787,0.4017054324,1.5144331776,3.7166118167,11.1587048281,0,0,0,1,5,0,0,0,1,2,0,0,0,0,2
2020-08-28,0.1576521935,1.9017996414,5.2165561618,11.9775325242,36.3509774016,0.0139434232,0.5938204882,1.7587499507,4.5131322391,11.6430767471,0.0019870493,0.3633158514,1.4516873002000001,3.821493099,11.0954310383,0,0,0,1,4,0,0,0,1,2,0,0,0,0,2
2020-08-29,0.1392984608,1.88234612,5.257700422,11.853160322,36.8534044377,0.011778677100000001,0.571727780775,1.7515969321,4.4123944798,11.7043534444,0.0017180408000000002,0.3653439571,1.4704608612,3.6834653957,11.1122010369,0,0,0,1,5,0,0,0,1,2,0,0,0,0,2
2020-08-30,0.11970458560000001,1.8558159156,5.1840479273,11.923215817,36.5530942156,0.010017578000000001,0.5370535829,1.738173806,4.404059797,12.0376278287,0.001485451,0.3503074729,1.454896586,3.693263791,11.577114564,0,0,0,1,4,0,0,0,1,2,0,0,0,0,2
2020-08-31,0.1046445305,1.7712172332,4.9884544427,11.5680794615,36.2266797043,0.0087586794,0.5199348055,1.7367558557,4.2585298779,12.6302796417,0.0012843494,0.3518106241,1.442910288,3.6180147594000003,11.397350534694754,0,0,0,1,5,0,0,0,0,2,0,0,0,0,2
2020-09-01,0.09281941710000001,1.8790496612,4.9549627504,11.673813546,36.7613678167,0.007552829600000001,0.5107637531,1.6787465394,4.2256733016,12.4507424074,0.001110473,0.3259639603,1.4797211504,3.5276776034,11.4031706427,0,0,0,1,5,0,0,0,1,2,0,0,0,0,2
2020-09-02,0.0811479843,1.8001946691000001,4.717798666,11.7099077242,35.6579753886,0.006512995000000001,0.4728438098,1.6017170156,4.1912412379,11.9656476457,0.0009601362000000002,0.32583356900000005,1.40236563545,3.6061323996,11.8610778414,0,0,0,1,5,0,0,0,0,2,0,0,0,0,2
2020-09-03,0.0703074613,1.6189504187,4.6077613275000004,11.6206599568,35.8159504038,0.006041597,0.4539414074,1.4970855326999999,4.1607421721,12.3739041141,0.0008301522,0.29471387460000004,1.2799884856000001,3.403812591275,12.1670563772,0,0,0,1,5,0,0,0,0,2,0,0,0,0,2
2020-09-04,0.0649571547,1.5923404229,4.4924094389,11.1012334267,34.9805552671,0.0065649198,0.46266936000000003,1.4664203552,4.0687389442,11.8470697829,0.0008957546999999999,0.2981895433,1.2772229521,3.3055065324,11.4170855308,0,0,0,1,5,0,0,0,0,2,0,0,0,0,2
2020-09-05,0.0581691043,1.5697535085,4.4238163466,10.7578937394,35.8895220746,0.0052614555000000006,0.4404626917,1.4535326955,4.0626746504,11.5519369977,0.0007783383,0.2814165033,1.2376312433,3.2397784627,11.125241338484862,0,0,0,1,5,0,0,0,0,2,0,0,0,0,2
2020-09-06,0.052059172,1.5139383541,4.3149531931,10.8682164392,35.9575165073,0.0051465138,0.44354117470000004,1.4445446955,3.9236530789,11.3797918585,0.0007556860000000001,0.2873375121,1.1968695257,3.2947876463,10.7068902596,0,0,0,1,5,0,0,0,0,2,0,0,0,0,2
2020-09-07,0.046591011200000004,1.4316481102,4.3776740614000005,10.6848143646,35.0327817873,0.0044563235000000005,0.413056605,1.4446259986,4.0094044223,11.1503358212,0.0006244007,0.2846421436,1.1819202228,3.2786420612000002,10.9730255713,0,0,0,1,4,0,0,0,0,2,0,0,0,0,2
2020-09-08,0.0416972119,1.4136052161000001,4.2452290672,10.5329780176,35.5865818707,0.0038949596,0.3790072701,1.424591792,3.9136848819,11.328702707,0.0005141055,0.2736414748,1.1775176325,3.1940274024,10.8329288763,0,0,0,1,4,0,0,0,0,2,0,0,0,0,2
2020-09-09,0.0373174446,1.3774524204,4.3345607187,10.2966978811,35.3169496311,0.0035385114,0.3605009313,1.3833199018,3.761178792,11.9357531995,0.0004436959,0.25911585330000003,1.1548485502,3.1117837882,11.0960958485,0,0,0,1,5,0,0,0,0,2,0,0,0,0,2
2020-09-10,0.034464467545000085,1.3188830356,4.3718494402,10.6534774699,35.9451589423,0.0031270788,0.3190242159,1.4204795269,3.6274395638,11.9388046877,0.0003855358,0.2395928357,1.1813211311,3.0781187565,11.3178026941,0,0,0,1,5,0,0,0,0,2,0,0,0,0,2
2020-09-11,0.030150119700000002,1.2373886085,4.2424473755,10.3408874495,36.0252724312,0.0027634847,0.2974841479,1.3606973937,3.736967462,11.2617435846,0.0003349994,0.2279756461,1.1567526789,3.0150071761,10.9309244128,0,0,0,1,5,0,0,0,0,2,0,0,0,0,2
2020-09-12,0.026750169400000003,1.2215402227,4.1843744137,10.3964218795,36.2915724579,0.0028893751,0.3139902916,1.3658068479,3.7145449171,11.2530547557,0.00029108730000000003,0.20926973410000002,1.1762211914,2.8978369547,11.5924401436,0,0,0,1,5,0,0,0,0,2,0,0,0,0,2
2020-09-13,0.0239404008,1.1976400245,4.0500866855,9.9676758898,36.4346102149,0.0025790424000000003,0.284020571,1.3386704175,3.673056489825,11.2476000191,0.0002529313,0.2133780844,1.1822586755,3.0008045347,11.6630580444,0,0,0,1,5,0,0,0,1,2,0,0,0,0,2
2020-09-14,0.022937013380000017,1.1777211936,4.0280452129,10.1344500936,35.9817464037,0.0022499071000000002,0.2828125342,1.2794723443,3.7579574819,10.9388441831,0.0002579072,0.20976692190000001,1.1247708893,3.0246490751,11.3330661747,0,0,0,1,5,0,0,0,0,2,0,0,0,0,2
2020-09-15,0.0205103987,1.1026586199,4.0913467591,10.208654931,36.2503941883,0.0019575621,0.2739430195,1.2807937797,3.5236635641,11.5804653175,0.0002167154,0.21764068790000002,1.1095195615,2.9759152953,11.9540979274,0,0,0,1,5,0,0,0,0,2,0,0,0,0,2
2020-09-16,0.018344332695000014,1.1098869244,3.9626720093000003,9.9827383316,35.8460251542,0.0016927884000000001,0.281305152375,1.2237092552,3.4790434012,12.0477462852,0.0001821025,0.2121835218,1.0590465204,2.9411029257,11.178207077,0,0,0,1,5,0,0,0,0,2,0,0,0,0,2
2020-09-17,0.0163465467,1.0266384447,4.019109045,9.835042826,36.3668141432493,0.0014277014,0.25623850270000004,1.249336987,3.454877723,11.6680235443,0.0001530179,0.1970374662,1.0548619131,2.8967890519,11.5713145439,0,0,0,1,5,0,0,0,0,2,0,0,0,0,2
2020-09-18,0.014593248500000001,1.0816721611,3.8099263452,9.9163529509,36.0920768026,0.001177228,0.26009161480000004,1.2122294981000001,3.36760480765,11.8677432408,0.0001285785,0.1829744346,1.0317305721,2.8303056802,11.2268738588,0,0,0,1,5,0,0,0,0,2,0,0,0,0,2
2020-09-19,0.014614571000000002,1.0166125250499998,3.7781938432,9.8800387672,36.2409531314,0.0010280232,0.232692582,1.2499761453,3.2990654771,11.8786113345,0.0001075971,0.1617793898,1.0431801461,2.8585922851000003,11.128366445,0,0,0,1,5,0,0,0,0,2,0,0,0,0,2
2020-09-20,0.013850888,0.9951091626,3.6991603276,9.8700162519,36.969141491,0.0009228624,0.2291832128,1.2660821869,3.286172034,11.6051697705,9.078640000000001e-05,0.1495248787,1.0389239169,2.8459105354,11.3812347929,0,0,0,1,4,0,0,0,0,2,0,0,0,0,1
2020-09-21,0.014049890700000001,0.9765924410000001,3.63833261035,9.7793967285,36.6114964702,0.0009781814650000093,0.21577275005000002,1.2060621186,3.3175348558,11.4816885426,7.628640000000001e-05,0.14399210040000002,1.035416185,2.7846310987000003,11.3708083116,0,0,0,1,5,0,0,0,0,2,0,0,0,0,2
2020-09-22,0.0145106869,0.9613859672,3.7821867871,9.7961708509,36.7850606029,0.0011552196600000276,0.22176098775000003,1.255664489,3.2827736258,11.854726583739954,8.762158000000112e-05,0.15389820255,1.0823295655,2.7103758361,11.178658108509435,0,0,0,1,5,0,0,0,0,2,0,0,0,0,2
2020-09-23,0.012966058,0.9160059619,3.7086640508,9.7479838605,37.8610801778,0.0011157654,0.2072662079,1.2348252363,3.4262493483,11.9532456215,7.43143e-05,0.1464943797,1.0607140051,2.7570010953,11.905535988844989,0,0,0,1,5,0,0,0,0,2,0,0,0,0,2
2020-09-24,0.0138895291,0.9558092053,3.5468262539,9.543858793,36.1058006412,0.0010412635000000001,0.2026818758,1.2151866597,3.3525803633,11.813170944,6.10811e-05,0.14042646790000002,1.0230512394,2.7339282834,11.740646362749949,0,0,0,1,5,0,0,0,0,2,0,0,0,0,2
2020-09-25,0.012449693000000001,0.8770555264000001,3.5127205973,9.1313023455,37.0083170323,0.0009588523000000002,0.1926967692,1.1984328823000001,3.32406929,11.750796368649858,7.30475e-05,0.1348536059,1.0013963732,2.7525072754,12.0492730808,0,0,0,1,5,0,0,0,0,2,0,0,0,0,2
2020-09-26,0.011159115300000001,0.9549821673000001,3.4534892949,9.2696139965,37.7213511202,0.0008829637000000001,0.2001300332,1.2121830622,3.249162588,12.111003373,6.33921e-05,0.12695249420000002,1.0113053139,2.753001154,11.9679107408,0,0,0,1,5,0,0,0,0,2,0,0,0,0,2
2020-09-27,0.01189946351000008,0.9043086636000001,3.3889714544,9.2832327921,36.6001822363,0.0007864632,0.1743296935,1.1694976082,3.2321410109,11.818877137129956,5.5013e-05,0.1166476451,1.0175136872000001,2.687458388,11.6855417271,0,0,0,1,4,0,0,0,0,2,0,0,0,0,2
2020-09-28,0.0127183259,0.8389387633000001,3.3450505443000003,8.8559477522,37.3189878526,0.0006653298,0.1730774234,1.1255388214,3.3183104322,11.5606612687,5.85599e-05,0.1075953988,1.0000033993,2.6411787050999997,11.642186232479673,0,0,0,1,5,0,0,0,0,2,0,0,0,0,2
2020-09-29,0.0107956509,0.7862104773,3.4418987342,9.1487669817,38.3663414895,0.0006426619950000035,0.1642848064,1.095747875,3.1556934234,11.799983612479934,5.137967000000009e-05,0.099489333725,0.9558192261,2.7235899671,11.7274791795,0,0,0,1,5,0,0,0,0,2,0,0,0,0,2
2020-09-30,0.0091636336,0.7746914140000001,3.3440949682,9.141510274375,36.2888788582,0.0005639571000000001,0.1513566384,1.1367900356,3.098678725,11.4775353518,4.46031e-05,0.0991943279,0.9852231764,2.6853365373,11.0454662913,0,0,0,1,5,0,0,0,0,2,0,0,0,0,2
2020-10-01,0.0080152238,0.7986273425,3.1745980273,9.0655976052,36.4322028832,0.000480488480000003,0.1451953792,1.097525792,3.1802241127,11.5593891206,3.89267e-05,0.0983526347,0.9484138006,2.6536301567000002,11.145890183,0,0,0,1,4,0,0,0,0,2,0,0,0,0,2
2020-10-02,0.0097102106,0.7495136941,3.198540055,8.7173595152,36.7108864775,0.0005321331,0.14730084370000002,1.1120885057,3.0775255176,11.0377130958,3.39727e-05,0.0891623156,0.9353364136000001,2.5618806125,11.3127120605,0,0,0,1,4,0,0,0,0,2,0,0,0,0,2
2020-10-03,0.0085981589,0.7326848515000001,3.1404764499,8.8657434695,36.5684964992,0.0004817547,0.1413277912,1.1354212825,3.077928154,10.8730438546,2.96491e-05,0.09603135700000001,0.9537515277,2.6419943555,11.1869988462,0,0,0,1,5,0,0,0,0,2,0,0,0,0,2
